-- ============================================================================
-- JipJung Data Migration for H2
-- ============================================================================
-- Description: H2용 샘플 데이터
-- Version: 1.0
-- Created: 2025-12-03
-- ============================================================================

-- ============================================================================
-- 1. dongcode 데이터 로드 (49개)
-- ============================================================================

INSERT INTO dongcode (dong_code, sido_name, gugun_name, dong_name) VALUES
('4161025923', '경기도', '광주시', '곤지암읍 신촌리'),
('2711015400', '대구광역시', '중구', '대신동'),
('4477031030', '충청남도', '서천군', '마서면 덕암리'),
('4420035028', '충청남도', '아산시', '음봉면 신휴리'),
('4380025000', '충청북도', '단양군', '단양읍'),
('4215025023', '강원도', '강릉시', '주문진읍 장덕리'),
('4157025623', '경기도', '김포시', '양촌읍 석모리'),
('4148010900', '경기도', '파주시', '다율동'),
('4684036029', '전라남도', '무안군', '해제면 학송리'),
('2771031028', '대구광역시', '달성군', '가창면 대일리'),
('2771025321', '대구광역시', '달성군', '논공읍 노이리'),
('4150034026', '경기도', '이천시', '마장면 목리'),
('4376039027', '충청북도', '괴산군', '사리면 이곡리'),
('4413331037', '충청남도', '천안시 서북구', '입장면 유리'),
('4772032050', '경상북도', '군위군', '효령면 고곡리'),
('2717000000', '대구광역시', '서구', NULL),
('4372032529', '충청북도', '보은군', '장안면 구인리'),
('4684025329', '전라남도', '무안군', '일로읍 광암리'),
('4377025341', '충청북도', '음성군', '금왕읍 삼봉리'),
('4711311500', '경상북도', '포항시 북구', '학잠동'),
('4477038022', '충청남도', '서천군', '판교면 마대리'),
('1120011100', '서울특별시', '성동구', '금호동3가'),
('4276036028', '강원도', '평창군', '진부면 간평리'),
('4686025028', '전라남도', '함평군', '함평읍 장교리'),
('4577031023', '전라북도', '순창군', '인계면 쌍암리'),
('4477037021', '충청남도', '서천군', '문산면 신농리'),
('4275025029', '강원도', '영월군', '영월읍 정양리'),
('4376025024', '충청북도', '괴산군', '괴산읍 신기리'),
('4575032030', '전라북도', '임실군', '운암면 마암리'),
('4157025300', '경기도', '김포시', '고촌읍'),
('4150031032', '경기도', '이천시', '신둔면 마교리'),
('4672031029', '전라남도', '곡성군', '오곡면 구성리'),
('4155025030', '경기도', '안성시', '공도읍 마정리'),
('4613034027', '전라남도', '여수시', '남면 두라리'),
('4577040026', '전라북도', '순창군', '구림면 안정리'),
('4471031025', '충청남도', '금산군', '금성면 두곡리'),
('2915510700', '광주광역시', '남구', '노대동'),
('4715010700', '경상북도', '김천시', '황금동'),
('4180035027', '경기도', '연천군', '왕징면 고왕리'),
('4671040028', '전라남도', '담양군', '수북면 궁산리'),
('4136025627', '경기도', '남양주시', '화도읍 월산리'),
('4481039022', '충청남도', '예산군', '신암면 계촌리'),
('4615031037', '전라남도', '순천시', '해룡면 상내리'),
('4313042027', '충청북도', '충주시', '엄정면 괴동리'),
('4122000000', '경기도', '평택시', NULL),
('2920011200', '광주광역시', '광산구', '비아동'),
('4413125034', '충청남도', '천안시 동남구', '목천읍 천정리'),
('4481031024', '충청남도', '예산군', '대술면 방산리'),
('4136036023', '경기도', '남양주시', '조안면 진중리'),
('4415010300', '충청남도', '공주시', '중학동');

-- ============================================================================
-- 2. apartment 데이터 로드 (20개)
-- ============================================================================

INSERT INTO apartment (apt_seq, sgg_cd, umd_cd, umd_nm, jibun, road_nm_sgg_cd, road_nm, road_nm_bonbun, road_nm_bubun, apt_nm, build_year, latitude, longitude) VALUES
('11410-61', '11410', '11100', '홍제동', '458', '11410', '홍제내길', '174', '0', '조한', 2000, 37.5890028107412, 126.938752080072),
('26410-240', '26410', '10400', '남산동', '122-7', '26410', '학산로13번길', '3', '0', '태경그린빌', 2003, 35.2647107893847, 129.091041284305),
('26110-67', '26110', '11900', '대청동4가', '75-120', '26110', '대청북길', '9', '0', '유한빌라', 1995, 35.1053663797331, 129.028391810034),
('27230-174', '27230', '12600', '태전동', '205-14', '27230', '칠곡중앙대로53길', '32', '0', '한일', 1998, 35.9187281066879, 128.542232812829),
('26380-197', '26380', '10300', '하단동', '529-3', '26380', '낙동대로486번길', '2', '0', '다전그린', 2002, 35.1077707853099, 128.967934388318),
('11530-5', '11530', '10200', '구로동', '685-154', '11530', '구일로10길', '49', '0', '다원그린빌', 1999, 37.495744201061, 126.874445893777),
('26380-342', '26380', '10600', '다대동', '1116-1', '26380', '다대로539번길', '12', '0', '코스모골든빌라', 2003, 35.0581532349861, 128.972397193496),
('26350-2400', '26350', '10800', '송정동', '198-4', '26350', '송정중앙로9번길', '16', '0', '해피투모로우', 2021, 35.1840899356651, 129.202526746844),
('11650-366', '11650', '10100', '방배동', '846-5', '11650', '동광로32길', '54', '0', '필그린빌라', 1994, 37.4920890145743, 126.997578101975),
('11740-2635', '11740', '10100', '명일동', '335-7', '11740', '상암로47길', '33', '0', '해밀', 2007, 37.5479981926001, 127.144017738609),
('11350-243', '11350', '10500', '상계동', '1101-33', '11350', '동일로237마길', '56', '0', '송이월드B동', 2004, 37.6760982891155, 127.052096316747),
('11545-23', '11545', '10200', '독산동', '711-2', '11545', '벚꽃로', '73', '0', '금천현대', 2002, 37.4629100391456, 126.890423305457),
('28237-5152', '28237', '10100', '부평동', '222-23', '28237', '시장로', '59', '1', '피렌체뷰(222-23)', 2015, 37.4957490453869, 126.727593216791),
('11680-685', '11680', '10600', '대치동', '920-32', '11680', '선릉로72길', '10', '7', '동양', 1999, 37.4997774370572, 127.052567969298),
('11530-524', '11530', '10200', '구로동', '791-22', '11530', '도림로10길', '27', '5', '낙원빌라', 1995, 37.4859292420017, 126.889102749616),
('27260-1423', '27260', '10100', '범어동', '2240', '27260', '들안로78길', '45', '0', 'e편한세상범어', 2015, 35.8674026766576, 128.619100660373),
('26410-2337', '26410', '10400', '남산동', '117-6', '26410', '학산로', '22', '0', '아진펠리스', 2015, 37.2388534490382, 127.200922612256),
('11740-307', '11740', '10700', '암사동', '446-21', '11740', '고덕로23길', '9', '0', '양지벨로스', 2004, 37.5552086802025, 127.134954693501),
('28710-15', '28710', '25027', '강화읍 옥림리', '910-4', '28710', '동문로152번길', '23', '2', '까치마을', 2003, 37.7533001267573, 126.500286650705),
('11650-642', '11650', '10100', '방배동', '797-22', '11650', '사평대로6길', '106', '0', '방배5차상지리츠빌', 2004, 37.4941009945323, 126.993586174297);

-- ============================================================================
-- 3. apartment_deal 데이터 로드 (48개)
-- ============================================================================
-- Note: deal_date와 deal_amount_num은 생성 컬럼이므로 INSERT하지 않음

INSERT INTO apartment_deal (apt_seq, apt_dong, floor, deal_year, deal_month, deal_day, exclu_use_ar, deal_amount) VALUES
('27230-174', ' ', '20', 2020, 4, 28, 59.76, '17,000'),
('26410-2337', ' ', '4', 2016, 1, 19, 75.48, '19,750'),
('27230-174', ' ', '16', 2021, 9, 24, 84.96, '25,000'),
('27260-1423', '105동', '6', 2024, 2, 21, 84.79, '64,800'),
('11545-23', ' ', '16', 2017, 4, 5, 59.82, '31,400'),
('27260-1423', ' ', '15', 2017, 11, 19, 84.96, '57,250'),
('27260-1423', ' ', '8', 2017, 3, 13, 59.99, '42,500'),
('27230-174', ' ', '9', 2017, 7, 18, 59.76, '16,400'),
('11545-23', ' ', '12', 2018, 3, 19, 59.82, '34,000'),
('11545-23', ' ', '10', 2017, 4, 20, 84.83, '38,000'),
('27230-174', ' ', '1', 2012, 3, 19, 84.96, '13,500'),
('11545-23', ' ', '15', 2020, 6, 14, 59.82, '49,000'),
('27230-174', ' ', '8', 2022, 11, 7, 84.96, '21,400'),
('11740-2635', ' ', '1', 2014, 12, 2, 64.41, '27,100'),
('11530-5', ' ', '11', 2021, 8, 11, 114.84, '94,000'),
('27260-1423', '104동', '2', 2023, 9, 12, 84.79, '60,000'),
('11545-23', ' ', '16', 2020, 2, 28, 59.82, '48,000'),
('27260-1423', ' ', '14', 2016, 3, 9, 84.79, '49,000'),
('27260-1423', ' ', '24', 2024, 11, 16, 84.79, '72,000'),
('27230-174', '105', '19', 2023, 9, 20, 59.76, '14,350'),
('27230-174', ' ', '17', 2018, 5, 6, 59.76, '15,900'),
('27230-174', ' ', '1', 2016, 11, 1, 84.96, '20,100'),
('27260-1423', ' ', '2', 2019, 10, 14, 84.79, '57,000'),
('11545-23', ' ', '4', 2015, 3, 3, 84.83, '28,500'),
('11545-23', ' ', '14', 2018, 2, 6, 59.82, '32,000'),
('27260-1423', ' ', '17', 2019, 6, 21, 84.96, '57,000'),
('27260-1423', ' ', '12', 2023, 6, 2, 84.79, '65,000'),
('27230-174', ' ', '6', 2020, 1, 23, 59.76, '15,900'),
('27230-174', ' ', '9', 2015, 1, 23, 84.96, '19,000'),
('11545-23', '106', '1', 2023, 1, 19, 59.82, '49,500'),
('27260-1423', ' ', '15', 2018, 2, 22, 84.79, '63,000'),
('27260-1423', ' ', '21', 2020, 8, 18, 84.79, '66,400'),
('11545-23', ' ', '9', 2021, 5, 11, 84.83, '75,700'),
('27230-174', ' ', '5', 2017, 7, 30, 84.83, '38,000'),
('27230-174', ' ', '4', 2018, 11, 13, 59.84, '13,800'),
('11545-23', ' ', '19', 2014, 11, 11, 84.83, '29,500'),
('27260-1423', ' ', '9', 2018, 6, 4, 84.79, '62,800'),
('27260-1423', ' ', '18', 2019, 11, 2, 84.77, '63,000'),
('27260-1423', ' ', '10', 2018, 3, 1, 84.79, '61,900'),
('27260-1423', ' ', '7', 2024, 7, 8, 84.79, '66,650'),
('11545-23', ' ', '17', 2024, 8, 9, 84.83, '66,000'),
('11545-23', '103', '11', 2025, 2, 10, 84.83, '73,000'),
('27230-174', ' ', '7', 2017, 3, 29, 84.96, '20,900'),
('26380-342', ' ', '2', 2014, 4, 28, 79.09, '12,800'),
('11545-23', '109', '19', 2023, 7, 29, 59.82, '53,000'),
('27260-1423', '108동', '8', 2023, 8, 18, 84.79, '66,900'),
('27260-1423', ' ', '21', 2020, 5, 29, 84.79, '66,250'),
('27260-1423', ' ', '14', 2020, 8, 26, 84.79, '64,900'),
('11545-23', ' ', '17', 2017, 12, 9, 59.82, '33,000'),
('27230-174', ' ', '2', 2011, 12, 28, 59.84, '11,800');

-- ============================================================================
-- End of Data Migration
-- ============================================================================
